0.01722167333451793,0.9485865767376751,0.3160489208977909,0.5563205898604354,
0.9951494705054316,0.014358256577106623,-0.09732097318063268,0.09044432249723842,
-0.0968552802913636,0.31619194629396385,-0.9437381563646331,0.5653847352610567,
0.0,0.0,0.0,1.0,
0.2737662033267605,0.9165537525146722,0.2915154964445709,0.5327981706438024,
0.9616562681076238,-0.2556790233557772,-0.09922428646835667,0.06069381263890973,
-0.01640999467914067,0.3075019605906761,-0.9514059366577032,0.5608983761243574,
0.0,0.0,0.0,1.0,
0.35396081879440755,0.8264982740595836,0.43773547004432045,0.5241283450899924,
0.9352602392102045,-0.3128755562977704,-0.16552090872101868,0.05525339533281186,
0.00015398332268695691,0.46798449680292864,-0.8837366615917018,0.5533519219776603,
0.0,0.0,0.0,1.0,
0.30722604195524345,0.9026083993893053,0.30151324431339976,0.6366012703266869,
0.9510055682886844,-0.302740648540956,-0.06274160346148426,0.08904276120395976,
0.03464921685163755,0.30601662875222685,-0.9513954249935673,0.42679494447657995,
0.0,0.0,0.0,1.0,
0.17385410863074352,0.9256739570746465,0.33600963394815775,0.6059316124468095,
0.984628185197871,-0.1692164293191994,-0.043279752337638894,0.09008086379840015,
0.016795410865965615,0.3383689188477951,-0.940863639924308,0.3932536041535119,
0.0,0.0,0.0,1.0,
0.4387394453555945,0.8297001488701456,0.34511644709275097,0.603818300489496,
0.8852415080919462,-0.4650744435520402,-0.007296184335445044,0.06785660431895832,
0.15445119436301552,0.3087125279602666,-0.938531514463004,0.4242383862905029,
0.0,0.0,0.0,1.0,
0.18369680653056003,0.9538735699079474,0.23744619580347548,0.7647021320311305,
0.9822936500481992,-0.18717654331778572,-0.008007915246238326,-0.08414054038119,
0.03680581945100303,0.23471291882355672,-0.97136768393429,0.4272639434979524,
0.0,0.0,0.0,1.0,
0.1673973428364757,0.958190432154026,0.2320543585881733,0.800589976552742,
0.9822667397567775,-0.18225606256859958,0.04398612991139611,-0.04386629922274012,
0.08444040252674612,0.2205761169879274,-0.9717077724478947,0.3639243881309064,
0.0,0.0,0.0,1.0,
0.2368642266882375,0.917950168319276,0.3182182059499365,0.8031704617255361,
0.9663172571790298,-0.2565200426408971,0.020698458916288298,-0.04313005306131599,
0.10062950160554394,0.30259701949312934,-0.9477915104074813,0.36700101461950374,
0.0,0.0,0.0,1.0,
0.4670877557741266,0.8630939945809348,0.19208796142448764,0.8159105209655477,
0.8812305341226505,-0.4365738966898974,-0.1812070044421771,-0.031213903485199368,
-0.07253808748373657,0.253913349880081,-0.9645031034770586,0.33393357744320107,
0.0,0.0,0.0,1.0,
0.5516190946671667,0.8277325147592345,0.10283607542554751,0.7772905442669763,
0.8303145585171732,-0.5332019428570277,-0.16209078335279523,0.01270003707393394,
-0.07933541651120968,0.17479866173356298,-0.9814027305561913,0.28437534008740556,
0.0,0.0,0.0,1.0,
0.36499399902737456,0.914606729353157,0.17399399787327796,0.6996139414802391,
0.9247761203739542,-0.33457188487184414,-0.1812478442337992,0.0621314656321274,
-0.10755699819213527,0.22705986980358905,-0.9679231930606242,0.2906931878858428,
0.0,0.0,0.0,1.0,
0.392686806561635,0.8905113184047918,0.22975348472957896,0.6411895615350351,
0.9128410624670232,-0.34701855325253217,-0.21517276401207452,0.11601075657965629,
-0.11188505988960934,0.2942239206649917,-0.9491649055259151,0.29786079826945,
0.0,0.0,0.0,1.0,
0.26430206859959904,0.9346604302116502,0.2378114730843444,0.6592261610709871,
0.9540478387583112,-0.2172805321173752,-0.20635380229931724,0.17274323147073356,
-0.14119893021750649,0.2814232587391513,-0.9491384575213822,0.29969079939918575,
0.0,0.0,0.0,1.0,
0.45028845179116833,0.8583268746000657,0.2459985498388061,0.713464984073466,
0.8896091824004576,-0.4077023822353573,-0.2058501156385485,0.16951323463673873,
-0.0763924915963729,0.3115344986657135,-0.9471591436336348,0.30869928433974547,
0.0,0.0,0.0,1.0,
0.5828640687438496,0.7778468090097892,0.23499748739221415,0.7028244144841744,
0.8098065758929329,-0.5798892802280586,-0.0891163975772573,0.0756065456745556,
0.06695361833335604,0.2422452566922063,-0.96790208626813,0.31634909836167224,
0.0,0.0,0.0,1.0,
0.04239635346402202,0.9654890194504422,0.25696984751829843,0.7217988617674364,
0.989355971537037,-0.0047352088161995085,-0.145438438459276,0.1537727289129371,
-0.13920240945098378,0.26040071259136527,-0.9554130824334309,0.3279251537896264,
0.0,0.0,0.0,1.0,
0.14986143754726078,0.9565800504083121,0.24999231327602822,0.7228182143982349,
0.9562465838836683,-0.07597419798106665,-0.28252502907167043,0.16142549850155857,
-0.2512648410484105,0.2813939025671399,-0.9261120079401585,0.32943042570121506,
0.0,0.0,0.0,1.0,
0.2151397980249092,0.9512162222741675,0.22113924524666193,0.6570942787526701,
0.9571376596906654,-0.16041595843296189,-0.24115186228165508,0.18502148183280456,
-0.1939132994605511,0.2635420626057561,-0.9449567257445319,0.3532471204865716,
0.0,0.0,0.0,1.0,
0.2854926497207658,0.8945815712580426,0.3438280955956159,0.5979085221053643,
0.9543527080851174,-0.23250888354712562,-0.18748473975839253,0.21904906468558172,
-0.08777730644089698,0.38165878928325625,-0.9201259223806381,0.4274695614553492,
0.0,0.0,0.0,1.0,
0.3094766535261458,0.8816019431532025,0.3563737009808037,0.73451777951634,
0.9507300320641028,-0.2796367317682194,-0.13384955874928645,0.11428771258941828,
-0.018346854053153033,0.380238493677963,-0.9247064836324368,0.46271467908071495,
0.0,0.0,0.0,1.0,
-0.3200886853124563,0.9105801809246691,0.2615090201926885,0.7319974531582751,
0.9200529199254125,0.36460429891446916,-0.1434096571009451,0.11829018968401583,
-0.22593330447648832,0.19469832901256506,-0.9544876649847547,0.45901143157434876,
0.0,0.0,0.0,1.0,
0.230791472436869,0.9487910536351802,0.21571006650656435,0.6719343252907706,
0.9648604340118598,-0.19454372752807805,-0.1766269542225261,0.04704279074726356,
-0.12561703359364665,0.2488941032273071,-0.9603499811265721,0.4706260551471663,
0.0,0.0,0.0,1.0,
-0.2030892871982912,0.9327422538064796,0.2979037250342784,0.6658148557240613,
0.9448806890352299,0.2664869205026689,-0.19022409071753588,0.04729029667475092,
-0.2568174933948213,0.24285100198478327,-0.9354507822014945,0.4753203129893481,
0.0,0.0,0.0,1.0,
0.1051331406451641,0.8894915634016816,0.44469290681920737,0.6251781539069544,
0.9867017533636431,-0.03756142828503029,-0.15814167386966896,0.05377249293793796,
-0.1239623840009394,0.4554052017076887,-0.8816118361333307,0.4732565306528128,
0.0,0.0,0.0,1.0,
0.2805909836130222,0.8991281245135359,0.3359126607078815,0.6361870263012034,
0.9148863295481617,-0.14470442621217688,-0.37688676421505857,0.1377959671712828,
-0.29026144063752113,0.41307292908562315,-0.863202786913744,0.4726412373907415,
0.0,0.0,0.0,1.0,
0.26989735809354687,0.9159148574003981,0.2970780875246982,0.5928676940162332,
0.9611775588758866,-0.2378867060207901,-0.13981278701166705,0.09054612422237904,
-0.0573856812063368,0.3232798928046511,-0.9445618002548579,0.4646799860993535,
0.0,0.0,0.0,1.0,
0.4753027122781866,0.8123185807677005,0.33797315727813076,0.6010121140334501,
0.8768769026533256,-0.4059601563198442,-0.2574553341336664,0.07908658913000666,
-0.07193211587399273,0.41873007393823103,-0.9052573644470252,0.46922644205542896,
0.0,0.0,0.0,1.0,
0.1764672241377078,0.9065120247376672,0.3835300090099172,0.6010055837362562,
0.9652014963194557,-0.08296896072486712,-0.24799641743162176,0.07899382270833796,
-0.1929906482392754,0.41394697796004093,-0.8896080648970837,0.469217658545551,
0.0,0.0,0.0,1.0,
0.23888844086416194,0.9078086877349686,0.3446965321763546,0.6078107930917229,
0.962915621621559,-0.2673029070062619,0.03664234631091495,0.05336810066089168,
0.12540262540575903,0.32316024257157094,-0.9379987415569527,0.34892328627849734,
0.0,0.0,0.0,1.0,
0.5762917102134706,0.7871630267251639,0.21968667255004865,0.7608870048004303,
0.8172440653437016,-0.5550635068319354,-0.15497303327977224,0.11441852911646316,
-4.8987067415975916e-05,0.26884730376240135,-0.9631828096783883,0.22202380904507968,
0.0,0.0,0.0,1.0,
0.4484982338259143,0.8751151919275975,0.18172158680949285,0.7609734260049303,
0.8878077368917112,-0.412722310898564,-0.20361168041585317,0.12428568327432059,
-0.10318312153765208,0.25265330978254313,-0.9620392655633515,0.23554934215443235,
0.0,0.0,0.0,1.0,
0.3732540925630703,0.8923518779434683,0.2537508784530305,0.7945992340635706,
0.9213691352609481,-0.32458713357917457,-0.21382728849084745,0.13916481616804643,
-0.10844491216010077,0.31361013798284776,-0.9433389541309993,0.2285517922468337,
0.0,0.0,0.0,1.0,
0.39489024907404013,0.8998576419431483,0.18525095255560595,0.7911215669540135,
0.9142197159899028,-0.3649293524189545,-0.17615015934827857,0.13925200818138705,
-0.09090655686794,0.2389200535317186,-0.9667746407197577,0.23154638584134485,
0.0,0.0,0.0,1.0,
0.45853862229713377,0.8532317836097081,0.24847103513295626,0.7774957529492144,
0.886817333379927,-0.421264401721485,-0.18997715930909945,0.12136112768389173,
-0.05742254852200568,0.3074602856962759,-0.9498267334839562,0.21266431649634893,
0.0,0.0,0.0,1.0,
0.2756703409113106,0.9213691652901155,0.2740159199653154,0.7774622579903053,
0.9500736692376972,-0.2178125196210434,-0.22342275917540652,0.12135969122736545,
-0.14617074318433526,0.32192633870022025,-0.9354130351283387,0.21263895629244145,
0.0,0.0,0.0,1.0,
0.2937711964136416,0.9374822278193955,0.1866160675839048,0.7774918102668174,
0.9407558603550885,-0.2489739146944825,-0.23019644004471876,0.12136266145095936,
-0.16934253855796194,0.24318524281807788,-0.9550832645954266,0.21266281114240027,
0.0,0.0,0.0,1.0,
0.3914098861537033,0.9082978143507182,0.147625815719519,0.7615422325602444,
0.896333482702755,-0.3400014240075965,-0.28457919716443875,0.09569909557588709,
-0.20828967522922232,0.24370907270455683,-0.94721766193119,0.21785093165257852,
0.0,0.0,0.0,1.0,
0.32743299388582375,0.9306208130838708,0.1635008769703741,0.7661227963435653,
0.9412560563628499,-0.30612955173979534,-0.1425543191623719,0.09200306423298515,
-0.08261156623150012,0.20057317818369255,-0.9761893921355995,0.22093332123634207,
0.0,0.0,0.0,1.0,
0.5181357077272203,0.8264422450917573,0.2202920877056377,0.7756195658728088,
0.8522398937481296,-0.4771021370703678,-0.21461760018009945,0.08656490413488105,
-0.0722672255049939,0.29894274757983974,-0.951530704595089,0.24242337749496884,
0.0,0.0,0.0,1.0,
0.13780859960875247,0.9825092461779475,0.1252372590274785,0.7756216934538952,
0.9732061701444042,-0.11082373799775348,-0.2014642635532814,0.08656420630318565,
-0.1840612405335118,0.1496451812490014,-0.9714565247411837,0.2424262233867091,
0.0,0.0,0.0,1.0